,,"Crude suicide rates (per 100 000 population)","Crude suicide rates (per 100 000 population)"
"Country","Year","Male","Female"
"Afghanistan","2019","4.6 [2.6-7.9]","3.6 [2.0-5.9]"
"Afghanistan","2018","4.6 [2.6-7.8]","3.5 [2.0-5.8]"
"Afghanistan","2017","4.6 [2.7-7.9]","3.4 [2.0-5.7]"
"Albania","2019","5.9 [3.1-9.3]","2.7 [1.7-3.9]"
"Albania","2018","6.2 [3.2-9.6]","2.8 [1.8-4.1]"
"Albania","2017","6.3 [3.3-9.9]","2.9 [1.9-4.3]"
"Algeria","2019","3.1 [1.7-5.5]","1.8 [1.0-3.0]"
"Algeria","2018","3.1 [1.7-5.5]","1.9 [1.0-3.1]"
"Algeria","2017","3.1 [1.7-5.4]","1.9 [1.0-3.1]"
"Angola","2019","10.0 [6.0-15.6]","2.3 [1.3-3.8]"
"Angola","2018","9.8 [5.9-15.3]","2.3 [1.3-3.7]"
"Angola","2017","9.7 [5.9-15.0]","2.4 [1.4-3.9]"
"Antigua and Barbuda","2019","0.0 [0.0-0.0]","0.8 [0.5-1.1]"
"Antigua and Barbuda","2018","0.0 [0.0-0.0]","0.7 [0.5-1.0]"
"Antigua and Barbuda","2017","0.0 [0.0-0.0]","0.0 [0.0-0.0]"
"Argentina","2019","13.7 [10.9-16.8]","3.3 [2.6-4.2]"
"Argentina","2018","15.1 [12.2-18.3]","3.6 [2.8-4.4]"
"Argentina","2017","14.5 [11.9-17.3]","3.5 [2.8-4.3]"
"Armenia","2019","5.6 [4.1-7.4]","1.3 [0.9-1.8]"
"Armenia","2018","3.4 [2.6-4.5]","0.9 [0.6-1.2]"
"Armenia","2017","5.5 [4.3-7.0]","0.7 [0.5-1.0]"
"Australia","2019","18.6 [15.4-26.8]","6.4 [5.1-7.9]"
"Australia","2018","18.7 [15.7-22.1]","6.2 [5.0-7.6]"
"Australia","2017","19.5 [16.6-30.2]","6.9 [5.6-8.3]"
"Austria","2019","22.8 [18.8-27.4]","6.7 [5.3-8.3]"
"Austria","2018","24.9 [20.9-29.4]","6.9 [5.5-8.4]"
"Austria","2017","24.5 [20.8-28.4]","6.6 [5.3-8.0]"
"Azerbaijan","2019","6.6 [3.9-10.5]","1.6 [0.9-2.5]"
"Azerbaijan","2018","6.5 [3.8-10.2]","1.6 [0.9-2.5]"
"Azerbaijan","2017","6.4 [3.8-9.9]","1.6 [1.0-2.5]"
"Bahamas","2019","5.9 [4.1-8.4]","1.3 [0.8-1.9]"
"Bahamas","2018","6.0 [4.2-8.4]","1.2 [0.8-1.8]"
"Bahamas","2017","5.9 [4.1-8.1]","1.1 [0.7-1.5]"
"Bahrain","2019","12.5 [7.6-17.8]","2.4 [1.6-3.4]"
"Bahrain","2018","12.1 [7.4-17.2]","2.4 [1.6-3.4]"
"Bahrain","2017","11.4 [7.0-16.1]","2.4 [1.6-3.4]"
"Bangladesh","2019","5.7 [3.5-8.8]","1.7 [1.0-2.6]"
"Bangladesh","2018","5.5 [3.5-8.4]","1.6 [1.0-2.5]"
"Bangladesh","2017","5.3 [3.4-8.1]","1.6 [1.0-2.5]"
"Barbados","2019","0.9 [0.7-1.2]","0.3 [0.2-0.5]"
"Barbados","2018","0.9 [0.7-1.2]","0.3 [0.2-0.4]"
"Barbados","2017","0.9 [0.7-1.2]","0.3 [0.2-0.4]"
"Belarus","2019","36.7 [25.5-52.8]","7.7 [5.2-11.0]"
"Belarus","2018","39.7 [28.6-54.8]","8.1 [5.7-11.3]"
"Belarus","2017","40.6 [30.6-53.7]","8.2 [6.0-10.9]"
"Belgium","2019","24.9 [20.5-29.7]","11.8 [9.4-14.6]"
"Belgium","2018","25.6 [21.4-30.2]","11.9 [9.6-14.5]"
"Belgium","2017","26.1 [22.2-30.3]","11.9 [9.8-14.4]"
"Belize","2019","12.5 [9.0-16.7]","1.7 [1.2-2.4]"
"Belize","2018","11.5 [8.4-15.3]","1.5 [1.1-2.1]"
"Belize","2017","12.5 [9.2-16.5]","1.5 [1.1-2.1]"
"Benin","2019","11.8 [7.0-19.1]","3.8 [2.1-6.4]"
"Benin","2018","12.0 [7.1-19.3]","3.9 [2.1-6.5]"
"Benin","2017","12.0 [7.1-19.3]","3.9 [2.2-6.6]"
"Bhutan","2019","6.3 [3.3-10.9]","2.7 [1.5-4.4]"
"Bhutan","2018","6.3 [3.3-11.0]","2.7 [1.5-4.4]"
"Bhutan","2017","6.3 [3.3-11.0]","2.7 [1.5-4.4]"
"Bolivia (Plurinational State of)","2019","8.4 [4.4-13.3]","4.1 [2.1-7.0]"
"Bolivia (Plurinational State of)","2018","8.4 [4.5-13.4]","4.2 [2.2-7.3]"
"Bolivia (Plurinational State of)","2017","8.5 [4.6-13.6]","4.3 [2.2-7.5]"
"Bosnia and Herzegovina","2019","17.6 [10.8-25.4]","4.5 [3.0-6.6]"
"Bosnia and Herzegovina","2018","17.3 [10.7-24.4]","4.5 [3.0-6.4]"
"Bosnia and Herzegovina","2017","16.8 [10.7-22.8]","4.5 [3.1-6.2]"
"Botswana","2019","26.3 [14.2-45.0]","6.4 [3.2-11.3]"
"Botswana","2018","28.3 [15.3-48.4]","7.3 [3.6-12.8]"
"Botswana","2017","28.1 [15.2-47.6]","7.5 [3.7-13.3]"
"Brazil","2019","10.9 [9.9-17.3]","3.0 [2.7-6.2]"
"Brazil","2018","10.9 [10.0-16.6]","3.1 [2.8-6.0]"
"Brazil","2017","10.3 [9.5-17.2]","3.0 [2.7-6.8]"
"Brunei Darussalam","2019","4.4 [2.9-6.1]","0.8 [0.5-1.2]"
"Brunei Darussalam","2018","5.3 [3.5-7.3]","0.8 [0.5-1.2]"
"Brunei Darussalam","2017","5.6 [3.7-7.8]","0.8 [0.5-1.2]"
"Bulgaria","2019","15.3 [10.9-20.7]","4.4 [3.1-6.2]"
"Bulgaria","2018","15.4 [11.2-20.4]","4.3 [3.0-5.9]"
"Bulgaria","2017","16.1 [12.4-20.6]","4.8 [3.6-6.3]"
"Burkina Faso","2019","11.3 [6.6-17.7]","3.7 [2.1-6.0]"
"Burkina Faso","2018","11.6 [6.8-18.1]","3.7 [2.2-6.0]"
"Burkina Faso","2017","11.6 [6.8-18.3]","3.8 [2.2-6.1]"
"Burundi","2019","9.2 [5.4-15.1]","3.4 [1.9-5.5]"
"Burundi","2018","9.3 [5.4-15.3]","3.4 [1.9-5.5]"
"Burundi","2017","9.3 [5.5-15.2]","3.5 [2.0-5.7]"
"Cabo Verde","2019","21.3 [13.2-32.4]","4.5 [2.7-6.9]"
"Cabo Verde","2018","22.2 [13.8-33.3]","4.5 [2.8-6.9]"
"Cabo Verde","2017","23.7 [14.7-34.0]","4.6 [2.8-7.0]"
"Cambodia","2019","7.0 [4.2-10.7]","2.8 [1.6-4.4]"
"Cambodia","2018","7.2 [4.3-10.8]","2.8 [1.6-4.4]"
"Cambodia","2017","7.2 [4.4-10.9]","2.8 [1.6-4.5]"
"Cameroon","2019","13.6 [8.0-21.8]","4.4 [2.4-7.6]"
"Cameroon","2018","13.5 [7.9-21.5]","4.3 [2.3-7.4]"
"Cameroon","2017","13.7 [8.0-21.6]","4.3 [2.3-7.4]"
"Canada","2019","17.6 [14.3-21.3]","6.1 [4.8-10.3]"
"Canada","2018","17.9 [14.7-21.3]","6.2 [4.9-10.5]"
"Canada","2017","19.8 [16.5-23.3]","6.4 [5.2-7.8]"
"Central African Republic","2019","19.6 [10.6-32.4]","5.2 [2.9-8.8]"
"Central African Republic","2018","20.4 [11.0-33.8]","5.3 [2.9-9.0]"
"Central African Republic","2017","23.4 [12.5-39.1]","5.4 [2.9-9.1]"
"Chad","2019","9.6 [5.4-15.3]","3.3 [1.8-5.9]"
"Chad","2018","9.8 [5.6-15.6]","3.4 [1.8-6.1]"
"Chad","2017","9.9 [5.7-15.8]","3.6 [1.9-6.3]"
"Chile","2019","14.9 [12.2-18.1]","3.2 [2.5-4.0]"
"Chile","2018","14.6 [12.1-17.4]","3.2 [2.5-3.9]"
"Chile","2017","15.5 [13.1-18.3]","3.2 [2.5-3.9]"
"China","2019","9.8 [7.3-13.2]","6.2 [4.9-7.8]"
"China","2018","9.9 [7.6-13.1]","6.3 [5.1-7.7]"
"China","2017","9.9 [7.7-13.1]","6.3 [5.1-7.5]"
"Colombia","2019","6.1 [4.2-14.5]","1.8 [1.2-2.5]"
"Colombia","2018","6.4 [4.5-14.6]","1.7 [1.2-2.4]"
"Colombia","2017","7.6 [5.7-17.9]","1.9 [1.4-2.5]"
"Comoros","2019","7.0 [3.1-13.7]","3.8 [1.9-6.4]"
"Comoros","2018","6.9 [3.2-13.5]","3.8 [2.0-6.3]"
"Comoros","2017","7.0 [3.3-13.5]","3.8 [2.2-6.1]"
"Congo","2019","9.5 [5.5-15.4]","3.5 [1.9-5.7]"
"Congo","2018","9.3 [5.4-15.0]","3.6 [2.1-6.0]"
"Congo","2017","9.3 [5.4-15.0]","3.9 [2.2-6.4]"
"Costa Rica","2019","14.1 [9.9-19.4]","2.0 [1.3-2.9]"
"Costa Rica","2018","12.2 [8.8-24.3]","2.2 [1.5-3.1]"
"Costa Rica","2017","9.9 [7.6-30.2]","2.3 [1.7-3.1]"
"Côte d'Ivoire","2019","14.9 [8.7-23.9]","2.8 [1.5-4.8]"
"Côte d'Ivoire","2018","15.0 [8.8-23.9]","2.8 [1.5-4.7]"
"Côte d'Ivoire","2017","15.4 [9.1-24.3]","2.9 [1.6-4.8]"
"Croatia","2019","25.3 [18.1-34.3]","8.1 [5.7-11.3]"
"Croatia","2018","25.3 [18.8-33.2]","8.1 [5.9-11.1]"
"Croatia","2017","24.4 [19.3-30.5]","7.6 [5.7-9.9]"
"Cuba","2019","23.0 [16.9-36.1]","6.0 [4.3-8.2]"
"Cuba","2018","22.7 [17.8-34.0]","5.9 [4.5-7.7]"
"Cuba","2017","22.9 [19.1-37.1]","6.3 [5.0-7.8]"
"Cyprus","2019","6.0 [3.7-8.4]","1.3 [0.9-1.7]"
"Cyprus","2018","6.6 [4.1-9.0]","1.8 [1.3-2.4]"
"Cyprus","2017","6.4 [3.9-8.8]","1.0 [0.7-1.3]"
"Czechia","2019","19.8 [15.0-25.6]","4.8 [3.5-6.5]"
"Czechia","2018","22.3 [17.9-27.3]","5.1 [3.9-6.6]"
"Czechia","2017","22.4 [19.2-25.9]","5.7 [4.6-7.0]"
"Democratic People's Republic of Korea","2019","11.2 [6.3-19.5]","7.6 [4.3-12.5]"
"Democratic People's Republic of Korea","2018","11.0 [6.2-19.2]","7.6 [4.2-12.3]"
"Democratic People's Republic of Korea","2017","11.6 [6.5-20.0]","8.0 [4.5-13.0]"
"Democratic Republic of the Congo","2019","10.6 [6.2-17.3]","2.8 [1.6-4.5]"
"Democratic Republic of the Congo","2018","10.7 [6.3-17.3]","2.8 [1.6-4.5]"
"Democratic Republic of the Congo","2017","10.3 [6.1-16.7]","2.7 [1.6-4.4]"
"Denmark","2019","14.9 [11.8-18.7]","6.5 [4.9-8.4]"
"Denmark","2018","15.8 [12.7-19.5]","7.0 [5.4-9.0]"
"Denmark","2017","15.6 [12.7-19.0]","7.1 [5.5-9.1]"
"Djibouti","2019","12.6 [6.0-23.2]","6.4 [3.2-11.1]"
"Djibouti","2018","12.6 [6.0-23.2]","6.5 [3.3-11.4]"
"Djibouti","2017","12.7 [6.0-23.1]","6.4 [3.2-11.3]"
"Dominican Republic","2019","8.0 [4.6-13.3]","1.8 [1.1-3.0]"
"Dominican Republic","2018","8.5 [5.0-13.9]","2.0 [1.1-3.2]"
"Dominican Republic","2017","9.2 [5.5-14.7]","2.1 [1.3-3.4]"
"Ecuador","2019","11.6 [5.9-16.6]","3.6 [2.5-5.1]"
"Ecuador","2018","12.2 [6.2-16.9]","3.9 [2.8-5.2]"
"Ecuador","2017","14.1 [7.2-18.6]","4.3 [3.3-5.5]"
"Egypt","2019","4.0 [1.8-8.0]","2.0 [1.0-3.5]"
"Egypt","2018","3.9 [1.7-7.9]","2.0 [1.0-3.5]"
"Egypt","2017","4.0 [1.8-7.9]","2.0 [1.0-3.4]"
"El Salvador","2019","10.5 [6.3-24.8]","2.1 [1.4-3.2]"
"El Salvador","2018","10.4 [6.3-24.5]","2.2 [1.4-3.2]"
"El Salvador","2017","10.5 [6.7-25.0]","2.3 [1.5-3.2]"
"Equatorial Guinea","2019","9.4 [4.8-17.5]","6.0 [2.8-11.3]"
"Equatorial Guinea","2018","10.4 [5.4-19.1]","5.7 [2.6-10.7]"
"Equatorial Guinea","2017","9.3 [4.8-17.1]","5.9 [2.7-11.0]"
"Eritrea","2019","16.6 [8.8-27.5]","5.2 [2.9-8.7]"
"Eritrea","2018","17.2 [9.1-28.7]","5.3 [3.0-9.0]"
"Eritrea","2017","17.3 [9.2-28.9]","5.4 [3.0-9.0]"
"Estonia","2019","24.3 [16.9-33.6]","6.5 [4.4-9.0]"
"Estonia","2018","24.6 [17.8-33.1]","7.1 [4.9-9.7]"
"Estonia","2017","30.7 [23.3-39.5]","8.1 [5.8-10.9]"
"Eswatini","2019","55.1 [27.5-93.4]","4.7 [2.2-8.6]"
"Eswatini","2018","54.1 [26.7-91.7]","4.2 [1.9-7.7]"
"Eswatini","2017","57.3 [28.3-96.8]","5.0 [2.3-9.2]"
"Ethiopia","2019","7.7 [5.3-11.2]","3.1 [2.1-4.2]"
"Ethiopia","2018","7.7 [5.3-11.1]","3.1 [2.2-4.2]"
"Ethiopia","2017","7.7 [5.3-11.0]","3.1 [2.2-4.2]"
"Fiji","2019","12.2 [7.7-18.2]","5.7 [3.3-8.8]"
"Fiji","2018","12.5 [7.9-18.6]","5.7 [3.4-8.9]"
"Fiji","2017","12.7 [8.2-18.8]","5.8 [3.5-8.9]"
"Finland","2019","23.2 [18.8-28.0]","7.6 [6.0-9.5]"
"Finland","2018","24.6 [20.3-29.4]","8.0 [6.4-9.8]"
"Finland","2017","23.4 [19.6-27.7]","8.7 [7.0-10.6]"
"France","2019","20.4 [16.4-27.4]","7.6 [5.8-11.7]"
"France","2018","21.1 [17.2-27.9]","7.8 [6.0-11.9]"
"France","2017","21.7 [18.0-28.3]","8.0 [6.2-12.0]"
"Gabon","2019","14.2 [7.9-23.7]","2.4 [1.3-4.0]"
"Gabon","2018","14.6 [8.2-24.0]","2.5 [1.4-4.0]"
"Gabon","2017","14.8 [8.4-24.3]","2.6 [1.4-4.2]"
"Gambia","2019","6.6 [3.3-11.6]","3.0 [1.7-4.9]"
"Gambia","2018","6.6 [3.3-11.6]","3.0 [1.7-4.9]"
"Gambia","2017","6.8 [3.5-11.9]","3.0 [1.8-4.9]"
"Georgia","2019","16.0 [11.1-22.1]","3.0 [2.0-4.2]"
"Georgia","2018","16.3 [11.6-22.0]","3.1 [2.1-4.2]"
"Georgia","2017","16.7 [12.2-22.2]","3.1 [2.2-4.3]"
"Germany","2019","18.6 [15.2-22.5]","6.2 [4.9-7.7]"
"Germany","2018","19.2 [15.9-22.8]","6.8 [5.4-8.3]"
"Germany","2017","18.8 [15.8-22.1]","6.6 [5.3-7.9]"
"Ghana","2019","11.8 [7.2-18.1]","1.2 [0.7-1.9]"
"Ghana","2018","11.9 [7.3-18.3]","1.2 [0.7-2.0]"
"Ghana","2017","12.5 [7.7-18.9]","1.3 [0.7-2.1]"
"Greece","2019","8.4 [6.6-10.5]","1.9 [1.4-2.5]"
"Greece","2018","8.3 [6.6-10.3]","1.9 [1.4-2.5]"
"Greece","2017","8.3 [6.7-10.2]","2.0 [1.6-2.6]"
"Grenada","2019","0.6 [0.4-0.8]","0.7 [0.5-1.0]"
"Grenada","2018","0.0 [0.0-0.0]","0.6 [0.4-0.9]"
"Grenada","2017","0.8 [0.6-1.1]","0.5 [0.3-0.7]"
"Guatemala","2019","9.3 [6.6-12.9]","2.6 [1.8-3.6]"
"Guatemala","2018","9.4 [6.8-12.6]","2.6 [1.9-3.6]"
"Guatemala","2017","8.6 [6.5-11.2]","2.7 [2.0-3.6]"
"Guinea","2019","9.2 [4.9-15.3]","4.9 [2.7-8.2]"
"Guinea","2018","9.0 [4.8-15.1]","4.8 [2.7-8.1]"
"Guinea","2017","9.0 [4.8-15.0]","5.0 [2.8-8.4]"
"Guinea-Bissau","2019","10.2 [5.7-16.3]","3.9 [2.2-6.4]"
"Guinea-Bissau","2018","10.7 [5.9-17.2]","3.9 [2.2-6.5]"
"Guinea-Bissau","2017","10.7 [5.9-17.3]","4.1 [2.3-6.8]"
"Guyana","2019","63.0 [42.3-106.2]","17.4 [10.8-26.5]"
"Guyana","2018","61.6 [42.2-102.6]","17.1 [10.9-25.5]"
"Guyana","2017","60.1 [42.0-98.9]","16.7 [10.9-24.4]"
"Haiti","2019","11.8 [5.7-19.9]","7.6 [4.2-12.3]"
"Haiti","2018","11.8 [5.7-19.9]","7.7 [4.2-12.7]"
"Haiti","2017","11.7 [5.6-19.6]","7.8 [4.3-12.9]"
"Honduras","2019","3.3 [1.6-6.7]","0.8 [0.4-1.4]"
"Honduras","2018","3.3 [1.6-6.6]","0.8 [0.4-1.4]"
"Honduras","2017","3.3 [1.7-6.7]","0.8 [0.4-1.5]"
"Hungary","2019","25.9 [19.7-33.5]","8.3 [6.0-11.0]"
"Hungary","2018","28.4 [22.8-34.8]","8.1 [6.2-10.2]"
"Hungary","2017","27.7 [23.6-32.3]","8.2 [6.7-9.8]"
"Iceland","2019","19.8 [15.6-24.6]","3.9 [2.9-5.2]"
"Iceland","2018","17.8 [14.1-21.8]","3.8 [2.8-5.0]"
"Iceland","2017","21.7 [17.4-26.3]","2.7 [2.0-3.5]"
"India","2019","14.1 [9.8-18.0]","11.1 [8.6-14.2]"
"India","2018","14.0 [9.6-17.4]","11.0 [8.7-13.7]"
"India","2017","13.4 [9.3-16.6]","10.5 [8.5-12.9]"
"Indonesia","2019","3.7 [2.6-5.1]","1.1 [0.8-1.4]"
"Indonesia","2018","3.7 [2.6-5.2]","1.1 [0.8-1.4]"
"Indonesia","2017","3.7 [2.6-5.2]","1.1 [0.8-1.4]"
"Iran (Islamic Republic of)","2019","7.7 [5.9-9.8]","2.8 [2.3-3.2]"
"Iran (Islamic Republic of)","2018","8.4 [6.3-10.6]","2.9 [2.6-3.2]"
"Iran (Islamic Republic of)","2017","9.0 [6.7-11.4]","3.0 [2.7-3.4]"
"Iraq","2019","5.2 [3.1-8.4]","2.0 [1.1-3.1]"
"Iraq","2018","5.4 [3.2-8.5]","2.1 [1.2-3.3]"
"Iraq","2017","5.6 [3.4-8.9]","2.2 [1.4-3.5]"
"Ireland","2019","15.4 [12.2-19.4]","3.9 [2.9-5.0]"
"Ireland","2018","15.8 [12.7-19.7]","4.0 [3.0-5.1]"
"Ireland","2017","16.1 [13.1-19.7]","4.1 [3.1-5.1]"
"Israel","2019","8.4 [6.7-10.4]","2.3 [1.8-3.0]"
"Israel","2018","8.5 [6.8-10.4]","2.4 [1.8-3.0]"
"Israel","2017","7.8 [6.3-9.5]","2.5 [1.9-3.2]"
"Italy","2019","10.1 [9.2-11.0]","3.5 [3.0-6.0]"
"Italy","2018","10.2 [9.3-11.2]","3.5 [3.0-6.0]"
"Italy","2017","10.8 [10.0-11.8]","3.5 [3.0-3.9]"
"Jamaica","2019","3.7 [2.5-5.3]","1.1 [0.7-1.5]"
"Jamaica","2018","3.6 [2.5-5.0]","1.0 [0.7-1.5]"
"Jamaica","2017","3.5 [2.4-4.8]","1.0 [0.7-1.5]"
"Japan","2019","21.8 [20.5-23.0]","9.2 [8.2-10.0]"
"Japan","2018","23.5 [22.2-24.6]","10.2 [9.1-11.1]"
"Japan","2017","24.2 [23.0-25.2]","10.1 [9.0-10.9]"
"Jordan","2019","2.5 [1.6-3.7]","0.7 [0.5-1.1]"
"Jordan","2018","2.4 [1.6-3.5]","0.7 [0.5-1.1]"
"Jordan","2017","2.3 [1.5-3.3]","0.7 [0.5-1.0]"
"Kazakhstan","2019","29.0 [22.4-37.1]","6.8 [5.1-8.8]"
"Kazakhstan","2018","31.5 [25.2-39.1]","7.1 [5.5-9.0]"
"Kazakhstan","2017","34.9 [28.7-41.6]","7.6 [6.1-9.3]"
"Kenya","2019","9.1 [6.3-13.3]","3.2 [2.3-4.3]"
"Kenya","2018","9.0 [6.3-12.7]","3.1 [2.2-4.1]"
"Kenya","2017","8.4 [6.0-12.3]","2.8 [2.0-3.8]"
"Kiribati","2019","48.6 [30.8-71.4]","8.7 [5.0-13.8]"
"Kiribati","2018","48.2 [30.8-70.4]","8.6 [5.0-13.8]"
"Kiribati","2017","50.8 [32.4-73.7]","9.1 [5.3-14.4]"
"Kuwait","2019","4.3 [3.0-6.0]","0.7 [0.5-1.1]"
"Kuwait","2018","4.2 [3.0-5.7]","0.7 [0.5-1.0]"
"Kuwait","2017","4.0 [3.0-5.4]","0.7 [0.5-1.0]"
"Kyrgyzstan","2019","11.7 [9.0-15.0]","3.2 [2.4-4.2]"
"Kyrgyzstan","2018","12.7 [10.1-15.7]","3.4 [2.6-4.3]"
"Kyrgyzstan","2017","13.2 [10.8-15.9]","3.5 [2.7-4.4]"
"Lao People's Democratic Republic","2019","7.6 [4.1-12.3]","3.2 [1.8-5.2]"
"Lao People's Democratic Republic","2018","7.9 [4.3-12.7]","3.3 [1.8-5.4]"
"Lao People's Democratic Republic","2017","7.9 [4.2-12.7]","3.4 [1.9-5.4]"
"Latvia","2019","35.5 [25.0-48.5]","7.0 [4.7-10.2]"
"Latvia","2018","34.3 [25.0-45.7]","4.3 [2.9-6.2]"
"Latvia","2017","36.9 [28.6-47.1]","8.3 [5.8-11.4]"
"Lebanon","2019","3.8 [2.0-7.2]","1.7 [0.9-2.9]"
"Lebanon","2018","3.4 [1.8-6.3]","1.6 [0.9-2.6]"
"Lebanon","2017","4.2 [2.2-7.6]","1.8 [1.0-2.9]"
"Lesotho","2019","116.0 [44.0-204.9]","30.1 [11.7-71.0]"
"Lesotho","2018","124.6 [47.0-219.7]","29.9 [11.7-70.0]"
"Lesotho","2017","127.2 [47.6-224.2]","30.8 [12.1-71.4]"
"Liberia","2019","5.6 [2.9-9.9]","3.3 [1.8-5.8]"
"Liberia","2018","5.3 [2.7-9.6]","3.5 [1.8-6.6]"
"Liberia","2017","5.3 [2.7-9.5]","3.7 [1.8-7.1]"
"Libya","2019","6.0 [3.5-9.9]","2.9 [1.6-4.9]"
"Libya","2018","8.1 [4.7-13.3]","3.4 [1.8-5.7]"
"Libya","2017","7.8 [4.5-12.9]","3.2 [1.8-5.4]"
"Lithuania","2019","45.4 [34.0-59.2]","9.6 [6.9-12.8]"
"Lithuania","2018","47.5 [37.8-58.7]","10.1 [7.7-13.0]"
"Lithuania","2017","50.9 [43.0-59.5]","11.5 [9.1-14.3]"
"Luxembourg","2019","15.3 [11.7-19.9]","7.1 [5.2-9.5]"
"Luxembourg","2018","14.5 [11.1-18.6]","6.7 [4.9-8.8]"
"Luxembourg","2017","13.6 [10.5-17.3]","6.0 [4.5-7.9]"
"Madagascar","2019","7.6 [4.5-12.2]","3.4 [1.9-5.5]"
"Madagascar","2018","7.6 [4.5-12.2]","3.3 [1.9-5.5]"
"Madagascar","2017","7.6 [4.5-12.2]","3.4 [1.9-5.5]"
"Malawi","2019","9.2 [5.7-14.0]","1.7 [1.0-2.8]"
"Malawi","2018","9.5 [5.9-14.4]","1.8 [1.0-2.9]"
"Malawi","2017","9.8 [6.2-14.9]","2.0 [1.1-3.2]"
"Malaysia","2019","8.9 [5.5-14.0]","2.3 [1.4-3.5]"
"Malaysia","2018","8.5 [5.3-13.2]","2.3 [1.4-3.4]"
"Malaysia","2017","8.3 [5.3-12.7]","2.2 [1.4-3.3]"
"Maldives","2019","3.9 [2.5-5.7]","0.8 [0.5-1.3]"
"Maldives","2018","4.2 [2.7-6.1]","0.8 [0.5-1.3]"
"Maldives","2017","4.5 [3.0-6.6]","0.8 [0.5-1.2]"
"Mali","2019","5.3 [2.5-10.0]","2.9 [1.6-4.9]"
"Mali","2018","5.2 [2.5-9.9]","3.0 [1.6-4.9]"
"Mali","2017","5.2 [2.5-9.9]","3.0 [1.7-4.9]"
"Malta","2019","9.8 [7.4-12.8]","2.3 [1.6-3.0]"
"Malta","2018","9.7 [7.3-12.6]","2.3 [1.6-3.0]"
"Malta","2017","8.9 [6.8-11.5]","2.0 [1.5-2.6]"
"Mauritania","2019","4.0 [1.9-7.9]","2.2 [1.2-3.8]"
"Mauritania","2018","4.0 [1.9-7.8]","2.2 [1.2-3.7]"
"Mauritania","2017","4.0 [1.9-7.6]","2.2 [1.2-3.6]"
"Mauritius","2019","16.3 [11.8-21.9]","2.8 [1.9-3.9]"
"Mauritius","2018","13.1 [9.9-17.0]","4.4 [3.2-5.9]"
"Mauritius","2017","15.3 [12.0-19.0]","4.1 [3.1-5.3]"
"Mexico","2019","8.5 [7.0-10.4]","2.2 [1.8-2.8]"
"Mexico","2018","8.7 [7.4-10.0]","2.2 [1.9-2.6]"
"Mexico","2017","9.8 [9.1-10.4]","2.2 [2.0-2.3]"
"Micronesia (Federated States of)","2019","43.2 [18.2-68.6]","12.7 [5.3-21.1]"
"Micronesia (Federated States of)","2018","43.3 [18.2-68.1]","12.6 [5.5-20.8]"
"Micronesia (Federated States of)","2017","42.6 [17.8-66.7]","12.3 [5.6-20.2]"
"Mongolia","2019","30.7 [19.0-47.3]","5.4 [3.2-8.4]"
"Mongolia","2018","32.0 [19.8-48.7]","5.6 [3.4-8.7]"
"Mongolia","2017","32.9 [20.3-49.7]","5.9 [3.6-9.0]"
"Montenegro","2019","31.7 [21.0-46.6]","10.4 [7.1-14.8]"
"Montenegro","2018","31.9 [21.4-46.7]","10.7 [7.3-15.0]"
"Montenegro","2017","31.8 [21.6-45.8]","10.7 [7.4-14.9]"
"Morocco","2019","9.7 [4.3-17.8]","4.7 [2.4-9.2]"
"Morocco","2018","9.5 [4.3-17.4]","4.8 [2.4-9.3]"
"Morocco","2017","9.3 [4.3-16.6]","5.0 [2.5-9.4]"
"Mozambique","2019","22.0 [12.8-34.4]","5.7 [3.1-9.8]"
"Mozambique","2018","21.9 [12.9-34.0]","5.7 [3.0-9.6]"
"Mozambique","2017","21.8 [12.9-33.6]","5.5 [3.0-9.2]"
"Myanmar","2019","4.9 [3.0-7.2]","1.1 [0.6-1.7]"
"Myanmar","2018","4.8 [3.0-7.1]","1.1 [0.6-1.8]"
"Myanmar","2017","5.0 [3.1-7.4]","1.1 [0.7-1.8]"
"Namibia","2019","16.7 [9.3-28.4]","3.2 [1.6-5.5]"
"Namibia","2018","17.0 [9.7-28.8]","3.1 [1.6-5.4]"
"Namibia","2017","18.4 [10.5-30.7]","3.9 [2.0-6.9]"
"Nepal","2019","16.4 [9.2-25.0]","2.7 [1.5-4.5]"
"Nepal","2018","16.1 [8.8-24.5]","2.7 [1.5-4.5]"
"Nepal","2017","15.8 [8.6-24.0]","2.7 [1.5-4.4]"
"Netherlands","2019","15.5 [12.7-18.6]","8.3 [6.5-10.2]"
"Netherlands","2018","14.3 [11.9-17.0]","8.5 [6.7-10.3]"
"Netherlands","2017","16.1 [13.6-18.9]","8.1 [6.6-9.8]"
"New Zealand","2019","16.5 [13.8-19.6]","5.8 [4.6-7.1]"
"New Zealand","2018","16.9 [14.2-20.0]","6.0 [4.8-7.3]"
"New Zealand","2017","19.1 [16.2-22.3]","6.6 [5.4-8.0]"
"Nicaragua","2019","6.9 [4.5-21.6]","1.9 [1.2-2.8]"
"Nicaragua","2018","7.0 [4.7-28.6]","2.2 [1.5-3.1]"
"Nicaragua","2017","6.8 [4.9-9.1]","2.1 [1.5-2.9]"
"Niger","2019","7.2 [3.6-13.1]","3.3 [1.8-5.6]"
"Niger","2018","7.2 [3.6-13.0]","3.3 [1.8-5.6]"
"Niger","2017","7.2 [3.5-13.1]","3.3 [1.8-5.5]"
"Nigeria","2019","5.0 [3.0-8.4]","1.9 [0.9-3.2]"
"Nigeria","2018","5.1 [3.0-8.7]","2.0 [0.9-3.1]"
"Nigeria","2017","5.2 [3.0-8.9]","2.0 [0.9-3.2]"
"Norway","2019","15.8 [14.3-17.5]","7.7 [6.9-8.6]"
"Norway","2018","16.0 [14.6-17.7]","7.8 [7.0-8.7]"
"Norway","2017","16.3 [14.9-17.8]","8.0 [7.2-8.8]"
"Oman","2019","6.8 [4.1-12.2]","1.0 [0.6-1.6]"
"Oman","2018","6.6 [4.0-11.6]","1.0 [0.6-1.6]"
"Oman","2017","6.6 [4.0-11.5]","1.1 [0.6-1.7]"
"Pakistan","2019","13.3 [6.1-24.7]","4.3 [2.8-6.5]"
"Pakistan","2018","13.2 [5.8-24.6]","4.4 [2.8-6.5]"
"Pakistan","2017","13.5 [5.9-25.0]","4.5 [2.9-6.6]"
"Panama","2019","4.7 [3.2-6.7]","1.0 [0.6-1.4]"
"Panama","2018","4.8 [3.4-6.6]","1.0 [0.7-1.4]"
"Panama","2017","5.4 [4.0-7.1]","0.9 [0.6-1.3]"
"Papua New Guinea","2019","4.3 [2.4-8.0]","1.6 [0.9-2.6]"
"Papua New Guinea","2018","4.2 [2.3-7.8]","1.5 [0.9-2.5]"
"Papua New Guinea","2017","4.1 [2.3-7.7]","1.5 [0.8-2.5]"
"Paraguay","2019","8.7 [4.7-13.0]","3.2 [2.0-4.9]"
"Paraguay","2018","8.6 [4.7-12.5]","3.2 [2.0-4.8]"
"Paraguay","2017","8.6 [4.7-11.9]","3.4 [2.3-4.9]"
"Peru","2019","4.2 [2.4-6.5]","1.4 [0.8-2.3]"
"Peru","2018","4.1 [2.4-6.3]","1.4 [0.8-2.3]"
"Peru","2017","4.1 [2.4-6.1]","1.4 [0.8-2.2]"
"Philippines","2019","3.1 [2.1-9.2]","1.2 [0.9-10.9]"
"Philippines","2018","3.2 [2.2-9.2]","1.1 [0.9-10.9]"
"Philippines","2017","3.3 [2.4-9.2]","1.1 [0.9-10.8]"
"Poland","2019","20.1 [15.9-25.4]","3.1 [2.3-4.0]"
"Poland","2018","22.8 [18.5-27.7]","3.1 [2.5-3.9]"
"Poland","2017","23.8 [20.6-27.4]","3.4 [2.9-4.0]"
"Portugal","2019","17.9 [14.2-22.3]","5.7 [4.3-7.3]"
"Portugal","2018","17.8 [14.4-22.0]","6.3 [4.8-8.0]"
"Portugal","2017","18.6 [15.2-22.7]","6.0 [4.6-7.5]"
"Qatar","2019","7.2 [4.5-11.3]","1.7 [1.0-2.7]"
"Qatar","2018","7.1 [4.5-11.0]","1.7 [1.0-2.6]"
"Qatar","2017","7.1 [4.6-10.9]","1.8 [1.1-2.7]"
"Republic of Korea","2019","40.2 [18.0-58.3]","16.9 [13.6-20.6]"
"Republic of Korea","2018","41.2 [18.4-56.7]","15.9 [13.0-19.1]"
"Republic of Korea","2017","36.8 [16.3-50.1]","14.7 [12.2-17.3]"
"Republic of Moldova","2019","26.1 [20.3-33.4]","4.1 [3.0-15.7]"
"Republic of Moldova","2018","26.0 [20.9-32.0]","3.8 [2.8-4.9]"
"Republic of Moldova","2017","26.6 [22.1-31.9]","4.0 [3.1-5.1]"
"North Macedonia","2019","13.9 [9.1-20.3]","4.8 [3.2-7.1]"
"North Macedonia","2018","13.9 [9.3-20.1]","4.8 [3.2-6.9]"
"North Macedonia","2017","13.8 [9.5-19.4]","4.8 [3.3-6.7]"
"Romania","2019","16.5 [12.4-21.4]","3.3 [2.4-4.5]"
"Romania","2018","17.5 [13.9-21.5]","3.3 [2.6-4.3]"
"Romania","2017","17.1 [14.4-20.0]","3.5 [2.8-4.2]"
"Russian Federation","2019","43.6 [35.3-55.3]","9.1 [7.3-11.3]"
"Russian Federation","2018","47.2 [41.0-55.4]","9.7 [8.3-11.3]"
"Russian Federation","2017","49.3 [46.4-54.3]","10.0 [9.4-10.9]"
"Rwanda","2019","8.2 [4.7-13.5]","3.0 [1.7-5.0]"
"Rwanda","2018","8.2 [4.7-13.5]","3.0 [1.7-5.0]"
"Rwanda","2017","8.2 [4.7-13.5]","3.1 [1.7-5.1]"
"Saint Lucia","2019","14.3 [10.2-19.2]","1.7 [1.2-2.3]"
"Saint Lucia","2018","14.6 [10.5-19.5]","1.7 [1.2-2.3]"
"Saint Lucia","2017","14.4 [10.5-19.2]","1.7 [1.2-2.3]"
"Saint Vincent and the Grenadines","2019","1.3 [1.0-1.8]","0.6 [0.4-0.9]"
"Saint Vincent and the Grenadines","2018","1.4 [1.0-1.8]","0.6 [0.4-0.9]"
"Saint Vincent and the Grenadines","2017","0.0 [0.0-0.0]","0.0 [0.0-0.0]"
"Samoa","2019","18.0 [9.7-28.6]","6.7 [3.3-11.0]"
"Samoa","2018","18.1 [9.9-28.7]","6.8 [3.4-11.0]"
"Samoa","2017","18.1 [10.0-28.5]","6.6 [3.4-10.7]"
"Sao Tome and Principe","2019","2.2 [1.1-3.7]","0.8 [0.4-1.3]"
"Sao Tome and Principe","2018","2.2 [1.1-3.6]","0.8 [0.4-1.3]"
"Sao Tome and Principe","2017","2.2 [1.1-3.5]","0.8 [0.4-1.3]"
"Saudi Arabia","2019","8.9 [5.4-14.0]","2.0 [1.1-3.2]"
"Saudi Arabia","2018","9.1 [5.5-14.1]","2.0 [1.2-3.3]"
"Saudi Arabia","2017","9.3 [5.7-14.3]","2.1 [1.3-3.4]"
"Senegal","2019","9.2 [5.3-14.4]","3.0 [1.7-4.8]"
"Senegal","2018","9.2 [5.5-14.4]","3.1 [1.8-4.9]"
"Senegal","2017","9.3 [5.7-14.5]","3.2 [1.9-5.1]"
"Serbia","2019","16.6 [11.3-23.3]","6.3 [4.3-8.8]"
"Serbia","2018","16.6 [11.5-22.6]","6.2 [4.4-8.4]"
"Serbia","2017","0.4 [0.3-0.5]","0.8 [0.6-1.0]"
"Seychelles","2019","14.4 [9.6-20.6]","1.4 [0.9-2.0]"
"Seychelles","2018","14.7 [9.9-20.7]","1.4 [1.0-2.0]"
"Seychelles","2017","14.8 [10.0-20.7]","1.5 [1.0-2.0]"
"Sierra Leone","2019","8.3 [4.5-13.9]","5.1 [2.8-8.5]"
"Sierra Leone","2018","8.2 [4.4-13.8]","4.9 [2.7-8.2]"
"Sierra Leone","2017","7.9 [4.2-13.2]","4.7 [2.6-7.8]"
"Singapore","2019","15.0 [12.1-18.2]","7.1 [5.6-8.8]"
"Singapore","2018","12.6 [10.3-15.2]","6.0 [4.8-7.4]"
"Singapore","2017","11.5 [9.5-13.8]","6.2 [4.9-7.6]"
"Slovakia","2019","21.2 [13.8-38.6]","3.4 [2.3-5.0]"
"Slovakia","2018","21.4 [14.3-38.3]","3.4 [2.3-4.9]"
"Slovakia","2017","21.6 [14.9-37.6]","3.4 [2.4-4.7]"
"Slovenia","2019","31.4 [22.2-44.0]","8.3 [5.6-11.9]"
"Slovenia","2018","27.8 [20.4-37.3]","7.9 [5.5-11.0]"
"Slovenia","2017","33.4 [25.8-42.6]","8.6 [6.2-11.4]"
"Solomon Islands","2019","27.0 [11.8-42.8]","1.9 [1.0-3.0]"
"Solomon Islands","2018","27.7 [12.1-43.8]","1.9 [1.0-3.1]"
"Solomon Islands","2017","27.8 [12.2-44.4]","1.9 [1.1-3.1]"
"Somalia","2019","12.0 [5.4-22.0]","3.8 [2.0-6.5]"
"Somalia","2018","12.1 [5.4-22.2]","3.8 [2.0-6.6]"
"Somalia","2017","12.1 [5.4-22.2]","3.9 [2.0-6.6]"
"South Africa","2019","37.6 [26.8-50.3]","9.8 [5.6-14.7]"
"South Africa","2018","39.0 [27.3-52.6]","9.7 [5.0-15.1]"
"South Africa","2017","40.8 [27.3-56.6]","10.0 [4.6-17.8]"
"South Sudan","2019","5.7 [3.1-10.0]","2.0 [1.1-3.5]"
"South Sudan","2018","5.6 [3.1-9.7]","2.0 [1.1-3.4]"
"South Sudan","2017","5.3 [2.9-9.3]","2.0 [1.0-3.4]"
"Spain","2019","11.4 [9.2-13.9]","4.2 [3.2-5.2]"
"Spain","2018","11.6 [9.5-13.9]","4.1 [3.3-5.1]"
"Spain","2017","12.2 [10.2-14.4]","4.3 [3.4-5.2]"
"Sri Lanka","2019","22.3 [14.2-37.2]","6.2 [4.1-9.1]"
"Sri Lanka","2018","22.6 [14.5-37.7]","6.3 [4.2-9.2]"
"Sri Lanka","2017","23.0 [15.1-38.7]","6.4 [4.3-9.2]"
"Sudan","2019","4.9 [2.5-8.5]","2.8 [1.3-5.0]"
"Sudan","2018","4.9 [2.5-8.6]","2.8 [1.3-5.1]"
"Sudan","2017","4.9 [2.4-8.5]","2.8 [1.3-5.1]"
"Suriname","2019","38.8 [26.4-54.5]","11.8 [7.5-17.5]"
"Suriname","2018","38.9 [27.2-53.7]","11.9 [7.7-17.3]"
"Suriname","2017","37.2 [26.4-50.4]","11.6 [7.7-16.6]"
"Sweden","2019","19.9 [16.9-23.3]","9.5 [7.9-11.3]"
"Sweden","2018","20.2 [17.3-23.3]","9.6 [8.1-11.3]"
"Sweden","2017","20.5 [17.8-23.4]","9.6 [8.1-11.2]"
"Switzerland","2019","20.2 [16.2-24.8]","9.0 [7.0-11.4]"
"Switzerland","2018","20.1 [16.5-24.1]","9.0 [7.0-11.2]"
"Switzerland","2017","20.5 [17.1-24.2]","8.9 [7.1-11.0]"
"Syrian Arab Republic","2019","3.2 [1.9-4.9]","0.7 [0.4-1.1]"
"Syrian Arab Republic","2018","3.2 [1.9-4.8]","0.7 [0.4-1.1]"
"Syrian Arab Republic","2017","2.9 [1.7-4.3]","0.7 [0.4-1.1]"
"Tajikistan","2019","5.7 [3.5-8.4]","2.8 [1.7-4.4]"
"Tajikistan","2018","5.6 [3.5-8.1]","2.9 [1.8-4.3]"
"Tajikistan","2017","5.4 [3.4-7.8]","3.0 [1.9-4.4]"
"Thailand","2019","15.0 [9.3-22.5]","2.9 [1.8-4.5]"
"Thailand","2018","14.8 [9.5-21.5]","3.0 [1.9-4.4]"
"Thailand","2017","14.1 [9.3-19.7]","3.0 [2.0-4.2]"
"Timor-Leste","2019","5.3 [2.0-9.1]","2.0 [0.7-3.4]"
"Timor-Leste","2018","5.2 [1.9-8.9]","2.0 [0.7-3.4]"
"Timor-Leste","2017","5.2 [1.9-8.8]","2.0 [0.7-3.3]"
"Togo","2019","13.8 [8.1-21.5]","3.9 [2.1-6.5]"
"Togo","2018","13.7 [8.1-21.3]","3.9 [2.2-6.5]"
"Togo","2017","14.1 [8.3-21.8]","4.0 [2.2-6.6]"
"Tonga","2019","5.0 [3.1-7.9]","2.6 [1.5-4.2]"
"Tonga","2018","5.2 [3.2-8.1]","2.8 [1.6-4.4]"
"Tonga","2017","5.4 [3.3-8.5]","2.9 [1.7-4.7]"
"Trinidad and Tobago","2019","13.9 [9.2-20.0]","3.6 [2.2-5.4]"
"Trinidad and Tobago","2018","14.3 [9.5-20.4]","3.7 [2.3-5.6]"
"Trinidad and Tobago","2017","15.1 [10.1-21.5]","4.1 [2.5-6.1]"
"Tunisia","2019","4.7 [2.6-7.9]","1.9 [0.9-3.3]"
"Tunisia","2018","4.5 [2.5-7.7]","1.9 [0.9-3.3]"
"Tunisia","2017","4.3 [2.4-7.5]","1.9 [0.9-3.3]"
"Turkey","2019","3.6 [2.4-5.4]","1.2 [0.8-1.8]"
"Turkey","2018","3.4 [2.4-5.0]","1.2 [0.8-1.7]"
"Turkey","2017","3.4 [2.4-4.8]","1.3 [0.9-1.7]"
"Turkmenistan","2019","8.8 [6.2-12.1]","2.7 [1.8-3.7]"
"Turkmenistan","2018","8.8 [6.3-11.9]","2.7 [1.9-3.7]"
"Turkmenistan","2017","9.0 [6.7-11.9]","2.8 [2.0-3.8]"
"Uganda","2019","7.6 [4.5-12.0]","1.7 [1.0-2.8]"
"Uganda","2018","7.4 [4.4-11.6]","1.6 [0.9-2.6]"
"Uganda","2017","7.4 [4.5-11.5]","1.6 [0.9-2.6]"
"Ukraine","2019","39.2 [28.8-51.7]","6.5 [4.6-8.9]"
"Ukraine","2018","39.8 [30.5-50.7]","6.5 [4.8-8.6]"
"Ukraine","2017","37.2 [30.0-45.5]","6.3 [5.0-7.9]"
"United Arab Emirates","2019","8.0 [4.5-12.7]","3.0 [1.7-4.9]"
"United Arab Emirates","2018","7.4 [4.2-11.9]","2.9 [1.6-4.8]"
"United Arab Emirates","2017","6.8 [3.9-10.9]","2.8 [1.6-4.6]"
"United Kingdom of Great Britain and Northern Ireland","2019","11.8 [11.2-12.6]","4.0 [3.8-4.3]"
"United Kingdom of Great Britain and Northern Ireland","2018","12.2 [11.6-12.9]","4.1 [3.8-4.3]"
"United Kingdom of Great Britain and Northern Ireland","2017","12.5 [11.9-13.1]","4.1 [3.8-4.3]"
"United Republic of Tanzania","2019","6.6 [4.0-10.1]","2.0 [1.1-3.1]"
"United Republic of Tanzania","2018","6.4 [3.9-9.8]","1.9 [1.1-3.1]"
"United Republic of Tanzania","2017","6.4 [3.9-9.7]","2.0 [1.2-3.2]"
"United States of America","2019","25.0 [23.4-31.1]","7.5 [7.0-9.0]"
"United States of America","2018","24.3 [22.8-30.3]","7.2 [6.8-8.8]"
"United States of America","2017","24.9 [23.5-30.2]","7.1 [6.6-9.4]"
"Uruguay","2019","34.5 [27.8-42.2]","8.9 [6.8-11.3]"
"Uruguay","2018","34.7 [28.3-41.8]","8.6 [6.6-10.8]"
"Uruguay","2017","33.8 [28.0-40.2]","8.6 [6.7-10.7]"
"Uzbekistan","2019","11.3 [8.5-14.7]","4.8 [3.5-6.3]"
"Uzbekistan","2018","12.0 [9.3-15.1]","5.1 [3.9-6.5]"
"Uzbekistan","2017","12.3 [9.9-14.9]","5.3 [4.2-6.6]"
"Vanuatu","2019","28.1 [14.4-44.3]","7.6 [3.8-12.5]"
"Vanuatu","2018","28.4 [14.7-44.5]","7.6 [3.8-12.4]"
"Vanuatu","2017","28.5 [14.9-44.8]","7.5 [3.9-12.4]"
"Venezuela (Bolivarian Republic of)","2019","3.5 [2.3-5.0]","0.7 [0.4-1.0]"
"Venezuela (Bolivarian Republic of)","2018","3.6 [2.4-5.2]","0.7 [0.5-1.0]"
"Venezuela (Bolivarian Republic of)","2017","3.6 [2.5-5.1]","0.7 [0.5-1.1]"
"Viet Nam","2019","10.4 [5.4-16.2]","4.7 [2.8-7.3]"
"Viet Nam","2018","10.6 [5.5-16.6]","4.6 [2.8-7.2]"
"Viet Nam","2017","10.8 [5.7-16.8]","4.6 [2.8-7.1]"
"Yemen","2019","7.0 [3.4-11.9]","4.6 [2.2-8.3]"
"Yemen","2018","7.0 [3.5-12.0]","4.7 [2.3-8.4]"
"Yemen","2017","6.8 [3.4-11.5]","4.4 [2.1-7.8]"
"Zambia","2019","12.0 [7.3-18.5]","2.7 [1.5-4.3]"
"Zambia","2018","13.2 [8.2-20.2]","3.1 [1.8-5.0]"
"Zambia","2017","13.6 [8.4-20.7]","3.5 [2.0-5.7]"
"Zimbabwe","2019","20.0 [10.4-31.9]","8.8 [4.9-14.5]"
"Zimbabwe","2018","19.9 [10.3-31.7]","8.7 [4.8-14.2]"
"Zimbabwe","2017","21.0 [11.0-33.4]","9.6 [5.4-15.7]"
